{
    "fill_ratios": [
        0.8492,
        0.8492,
        0.763,
        0.8368,
        0.7923,
        0.7553,
        0.7893,
        0.7666,
        0.836,
        0.7778,
        0.8688,
        0.809,
        0.7791,
        0.8173,
        0.7695,
        0.7597,
        0.7406,
        0.7035,
        0.8127,
        0.7704,
        0.8333,
        0.8281,
        0.8339,
        0.8009,
        0.7865,
        0.7877,
        0.756,
        0.7611,
        0.7353,
        0.8012,
        0.7751,
        0.7834,
        0.7684,
        0.7626,
        0.799,
        0.728,
        0.7579,
        0.7703,
        0.856,
        0.7472,
        0.7469,
        0.88,
        0.8067,
        0.841,
        0.8018,
        0.7087,
        0.7823,
        0.7248,
        0.7464,
        0.7571,
        0.7464,
        0.7339,
        0.7934,
        0.7355,
        0.7839,
        0.8877,
        0.8136,
        0.8115,
        0.7729,
        0.7516,
        0.7581,
        0.7885,
        0.8165,
        0.7904,
        0.7301,
        0.7413,
        0.7551,
        0.794,
        0.7783,
        0.7302,
        0.7978,
        0.7569,
        0.7886,
        0.812,
        0.8112,
        0.791,
        0.7916,
        0.8171,
        0.7725,
        0.8108,
        0.8026,
        0.7965,
        0.7411,
        0.8354,
        0.7426,
        0.7903,
        0.7413,
        0.7554,
        0.742,
        0.8104,
        0.8498,
        0.6922,
        0.8305,
        0.8567,
        0.7826,
        0.7442,
        0.8073,
        0.8068,
        0.7204,
        0.7685
    ],
    "overlap_areas": [
        450.0,
        732.0,
        818.0,
        611.0,
        1856.0,
        1342.0,
        985.0,
        1938.0,
        586.0,
        2715.0,
        521.0,
        766.0,
        1447.0,
        1617.0,
        2046.0,
        926.0,
        1162.0,
        2102.0,
        1505.0,
        658.0,
        844.0,
        1245.0,
        1008.0,
        1260.0,
        1630.0,
        781.0,
        1916.0,
        1310.0,
        2101.0,
        1063.0,
        883.0,
        850.0,
        2310.0,
        1737.0,
        1510.0,
        1572.0,
        1212.0,
        1866.0,
        286.0,
        1874.0,
        1287.0,
        544.0,
        817.0,
        1417.0,
        1153.0,
        2140.0,
        845.0,
        1808.0,
        2049.0,
        1558.0,
        2591.0,
        1371.0,
        1579.0,
        1048.0,
        699.0,
        586.0,
        1533.0,
        1278.0,
        1441.0,
        1678.0,
        936.0,
        1118.0,
        905.0,
        728.0,
        2163.0,
        2319.0,
        2152.0,
        1525.0,
        2070.0,
        384.0,
        1519.0,
        1475.0,
        572.0,
        1566.0,
        814.0,
        318.0,
        887.0,
        1586.0,
        1887.0,
        694.0,
        1894.0,
        1074.0,
        1315.0,
        382.0,
        2782.0,
        2095.0,
        2599.0,
        1318.0,
        1168.0,
        1661.0,
        1276.0,
        1985.0,
        1305.0,
        236.0,
        1573.0,
        1111.0,
        1495.0,
        1240.0,
        1748.0,
        1002.0
    ],
    "cutoff_areas": [
        1058.0,
        798.0,
        1558.0,
        1073.0,
        444.0,
        1221.0,
        1232.0,
        450.0,
        1054.0,
        102.0,
        791.0,
        1144.0,
        822.0,
        242.0,
        499.0,
        1502.0,
        1573.0,
        953.0,
        419.0,
        1638.0,
        823.0,
        588.0,
        653.0,
        763.0,
        716.0,
        1342.0,
        604.0,
        1125.0,
        613.0,
        1001.0,
        1399.0,
        1316.0,
        473.0,
        682.0,
        654.0,
        1148.0,
        1221.0,
        640.0,
        1154.0,
        757.0,
        1244.0,
        683.0,
        1116.0,
        277.0,
        839.0,
        957.0,
        1358.0,
        1108.0,
        491.0,
        951.0,
        273.0,
        1318.0,
        550.0,
        1597.0,
        1462.0,
        565.0,
        508.0,
        626.0,
        995.0,
        838.0,
        1483.0,
        997.0,
        957.0,
        1380.0,
        712.0,
        360.0,
        653.0,
        614.0,
        253.0,
        2314.0,
        769.0,
        956.0,
        1542.0,
        380.0,
        1074.0,
        1777.0,
        1252.0,
        393.0,
        472.0,
        1210.0,
        167.0,
        980.0,
        1286.0,
        1267.0,
        288.0,
        333.0,
        66.0,
        1134.0,
        1464.0,
        351.0,
        403.0,
        1275.0,
        501.0,
        1197.0,
        601.0,
        1473.0,
        474.0,
        710.0,
        1186.0,
        1329.0
    ],
    "avr_fill_ratio": 0.7839270000000004,
    "avr_overlap_area": 1343.4,
    "avr_cutoff_area": 900.34
}